"","EGFR","Hypoxia","JAK.STAT","MAPK","NFkB","PI3K","TGFb","TNFa","Trail","VEGF","p53"
"ABCA12","0","0","0","0","0","0","0","0","0","0","9.5971821187695525"
"ABCA6","0","0","0","0","0","0","-3.2715368950351578","0","0","0","0"
"ABCA8","0","0","0","0","0","0","-1.7092450798848089","0","0","0","0"
"ACER2","0","0","0","0","0","0","0","0","0","0","11.596064389645838"
"ACOX3","0","0","0","0","0","0","2.7215287651514282","0","0","0","0"
"ACTC1","0","0","0","0","0","0","3.3374297971926969","0","0","0","0"
"ACVR2B-AS1","0","0","0","0","0","-3.9298862692268322","0","0","0","0","0"
"ADAM12","0","0","0","0","0","0","3.9683045345005423","0","0","0","0"
"ADAM6","0","0","0","0","0","0","0","0","1.3564413579436292","0","0"
"ADAMTS17","0","0","0","0","0","0","0","0","-1.5773492573585985","0","0"
"ADAR","0","0","3.874928960702245","0","0","0","0","0","0","0","0"
"ADGRD1","0","0","0","0","0","0","0","0","0","-3.6866452326469421","0"
"ADM","0","17.825696141131807","0","0","0","0","0","0","0","0","0"
"ADORA1","1.2678100083900095","0","0","0","0","0","0","0","0","0","0"
"AEBP1","0","0","0","0","0","-4.0926107876793072","0","0","0","0","0"
"AEN","2.9874028974282139","0","0","3.2161182645239066","0","0","0","0","0","0","0"
"AGAP6","0","0","0","0","0","0","0","0","-1.8548930173359528","0","0"
"AHRR","0","0","0","0","0","0","0","0","0","18.504222517300398","0"
"AJUBA","-3.1932646626203125","0","0","0","0","0","0","0","0","0","0"
"AK1","0","0","0","0","0","0","0","0","0","0","4.3529924150445112"
"AK4","0","9.6930235006768513","0","0","0","0","0","0","0","0","0"
"AK5","0","0","0","0","0","0","-3.357132440141041","0","0","0","0"
"AKR1B1","0","0","0","0","0","0","0","6.5966930355941082","0","0","0"
"AKR1B10","0","0","0","0","0","0","0","0","0","0","10.322077340036804"
"ALDH1A1","0","0","0","0","0","0","0","0","0","-6.4025083281547381","0"
"ALDOA","0","7.6546780808812613","0","0","0","0","0","0","0","0","0"
"ALDOC","0","13.161523644516663","0","0","0","0","0","0","0","0","0"
"AMIGO1","0","0","0","0","0","-6.0003210127520479","0","0","0","0","0"
"ANAPC16","-1.8210183580542281","0","0","0","0","0","0","0","0","0","0"
"ANGPTL4","0","12.640690645582348","0","0","0","0","0","0","0","0","0"
"ANKLE2","0","0","0","0","2.2119763224409037","0","0","2.3679316803426","0","0","0"
"ANKRA2","0","0","0","0","0","0","0","0","0","0","10.889630974186883"
"ANKRD20A12P","0","0","0","0","0","0","0","0","0","0","3.6917744097009813"
"ANKRD33B","0","0","0","0","4.4942987249249748","0","0","0","0","0","0"
"ANKRD36BP2","0","0","0","0","0","0","0","0","0","-1.5458676935105937","0"
"ANKRD37","0","8.4849761519952107","0","0","0","0","0","0","0","0","0"
"ANKS1B","0","0","0","0","0","0","0","0","0","-2.5775184908803501","0"
"ANKZF1","0","7.3581628655820355","0","0","0","0","0","0","0","0","0"
"APBA3","0","0","0","0","0","0","0","2.1770857651239188","0","0","0"
"APOBEC3G","0","0","2.826463109697765","0","0","0","0","0","0","0","0"
"APOC1","0","0","0","0","0","-5.0613101468535611","0","0","0","0","0"
"APOL1","0","0","5.3474991227014188","0","0","0","0","0","0","0","0"
"APOL2","0","0","3.6560576648790022","0","0","0","0","0","0","0","0"
"APOL3","0","0","4.845007401792425","0","0","0","0","0","0","0","0"
"APOL4","0","0","2.514465674898156","0","0","0","0","0","0","0","0"
"APOL6","0","0","6.4749208830348648","0","0","0","0","0","0","0","0"
"AREG","0","0","0","4.9322864163768028","0","0","0","0","0","0","0"
"ARHGAP11A","0","0","0","0","0","0","0","0","0","0","-7.9762263632849244"
"ARHGEF17","0","0","0","-1.3968910912288417","0","0","0","0","0","0","0"
"ARSJ","0","0","0","0","0","7.0610807818792356","0","0","0","0","0"
"ART4","0","0","0","0","0","0","0","0","0","-2.064522495593021","0"
"ASB8","0","0","0","-1.6939961535174084","0","0","0","0","0","0","0"
"ATG2B","-1.6455804469932764","0","0","0","0","0","0","0","0","0","0"
"ATP10A","0","0","0","0","0","0","2.7848571465769938","0","0","0","0"
"ATP5E","0","0","0","0","0","0","0","0","1.4563903905956763","0","0"
"ATP6V1G2","0","0","0","0","0","-7.2373462276251299","0","0","0","0","0"
"ATXN3","-1.2742786737691196","0","0","0","0","0","0","0","0","0","0"
"B4GALT1","0","0","0","0","2.5361987179736172","0","0","2.7458532611816775","0","0","0"
"BAAT","0","0","0","0","0","-3.5575387810909405","0","0","0","0","0"
"BACH2","0","0","0","0","0","0","0","0","1.939233902245995","0","0"
"BATF2","0","0","8.6134951061027074","0","0","0","0","0","0","0","0"
"BBIP1","-1.1843189582329221","0","0","0","0","0","0","0","0","0","0"
"BCAR3","0","0","0","0","0","0","0","0","0","5.8320103931604352","0"
"BCKDK","0","2.6450387919461429","0","0","0","0","0","0","0","0","0"
"BCL2A1","0","0","0","0","14.416924573771935","0","0","17.225007605154179","0","0","0"
"BCOR","0","0","0","0","0","0","2.7357464929231829","0","0","0","0"
"BDH2","0","0","0","-2.4965908679407463","0","0","0","0","0","0","0"
"BDKRB1","0","0","0","0","0","0","0","4.9223060518212822","0","0","0"
"BEGAIN","0","0","0","0","0","-4.19647716673333","0","0","0","0","0"
"BEND4","0","0","0","0","0","0","0","0","0","-2.4709284354371168","0"
"BGN","0","0","0","0","0","0","3.2378399997614276","0","0","0","0"
"BHLHE40","0","15.242359597309465","0","0","0","0","0","0","0","0","0"
"BHMT","0","0","0","0","0","0","0","0","1.2766723826364819","0","0"
"BID","0","0","0","0","4.7298235392274508","0","0","5.6041317627879899","0","0","0"
"BIRC2","0","0","0","0","4.0113793294825895","0","0","4.6716612506693043","0","0","0"
"BIRC3","0","0","0","0","12.457612174206727","0","0","13.582045497557385","0","0","0"
"BLOC1S2","0","0","0","0","0","0","0","0","0","0","7.4126232607137439"
"BMP2","0","0","0","0","0","0","0","8.5824461648355541","0","0","0"
"BMPR2","0","0","0","0","0","0","4.0155050314681517","0","0","0","0"
"BMS1P5","0","0","0","0","0","0","0","0","-2.104570971169573","0","0"
"BNIP3","0","19.417974039561351","0","0","0","0","0","0","0","0","0"
"BNIP3L","0","14.120302370563392","0","0","0","0","0","0","0","0","0"
"BRIX1","0","0","0","2.8667490600742616","0","0","0","0","0","0","0"
"BRS3","0","0","0","0","0","0","0","0","0.85747356127800434","0","0"
"BSDC1","-1.2693689680961624","0","0","0","0","0","0","0","0","0","0"
"BST2","0","0","8.1049935854722328","0","0","0","0","0","0","0","0"
"BZW1","2.7461519494889828","0","0","2.7810854305400725","0","0","0","0","0","0","0"
"C10orf128","0","0","0","0","0","0","0","0","2.0389521808061852","0","0"
"C11orf1","0","0","0","0","0","-3.3342727465854152","0","0","0","0","0"
"C11orf71","0","0","0","-2.3667576128473327","0","0","0","0","0","0","0"
"C11orf96","0","0","0","0","4.5662260649030086","0","0","4.7666690506666924","0","0","0"
"C12orf77","0","0","0","0","0","0","0","0","0","-4.8379680959455058","0"
"C15orf54","0","0","0","0","0","5.811047984831319","0","0","0","0","0"
"C17orf82","0","0","0","0","0","0","0","0","0","0","3.2782830579474624"
"C17orf99","0","0","0","0","0","0","0","0","2.213003215232074","0","0"
"C19orf66","0","0","5.4781260498580631","0","0","0","0","0","0","0","0"
"C1QTNF1","0","0","0","0","0","0","0","5.7622913564184248","0","0","0"
"C1QTNF4","0","0","0","0","0","0","0","0","0","-1.859168026274888","0"
"C2CD5","-1.9390430701590122","0","0","0","0","0","0","0","0","0","0"
"C2orf66","0","0","0","0","0","0","0","0","0","0","11.503174325222073"
"C3","0","0","0","0","0","0","0","9.8984378914002793","0","0","0"
"C3orf80","0","0","0","0","0","0","4.8090374633887008","0","0","0","0"
"C4orf3","0","7.4379188878702607","0","0","0","0","0","0","0","0","0"
"C4orf47","0","6.0533009220977778","0","0","0","0","0","0","0","0","0"
"C5orf52","0","0","0","0","0","12.239808955056201","0","0","0","0","0"
"C7orf77","0","0","0","0","0","0","0","0","-1.4306194255117199","0","0"
"C8orf4","0","0","0","0","0","0","0","8.4727239210022933","0","0","0"
"C8orf58","0","3.1078714347082625","0","0","0","0","0","0","0","0","0"
"CA14","0","0","0","0","0","-4.8380402218900445","0","0","0","0","0"
"CA9","0","13.961067838986262","0","0","0","0","0","0","0","0","0"
"CABYR","0","0","0","0","0","0","0","0","0","0","6.1254719121919736"
"CALD1","0","0","0","0","0","0","3.0516355894313545","0","0","0","0"
"CALML6","0","0","0","0","0","0","0","0","1.6775881055019897","0","0"
"CAMK4","0","0","0","0","0","0","0","0","0","-2.5470576373038605","0"
"CAMLG","0","0","0","0","0","-5.795703744854614","0","0","0","0","0"
"CARF","-1.6012840814043696","0","0","0","0","0","0","0","0","0","0"
"CARMN","0","0","0","0","0","0","3.0462635347518012","0","0","0","0"
"CARNS1","0","0","0","0","0","0","0","0","0","0","4.5387338446912784"
"CASC10","0","0","0","0","0","4.9527414847020639","0","0","0","0","0"
"CASP4","0","0","2.4265774802501459","0","0","0","0","0","0","0","0"
"CBARP","0.97944247862188072","0","0","0","0","0","0","0","0","0","0"
"CBFA2T3","0","0","0","0","0","0","0","0","2.0847503708249637","0","0"
"CBFB","0","0","0","2.3399982054575696","0","0","0","0","0","0","0"
"CBX7","0","0","0","0","0","-6.4372202528496256","0","0","0","0","0"
"CCDC155","0","0","0","0","0","0","0","0","1.6994590812716333","0","0"
"CCDC25","0","0","0","0","0","-4.3392713072147711","0","0","0","0","0"
"CCDC28A","-3.1018147713203996","0","0","0","0","-8.0606784412082249","0","0","0","0","0"
"CCDC53","0","0","0","-2.2605473395375135","0","0","0","0","0","0","0"
"CCDC81","0","0","0","0","0","0","0","0","0","-2.3013636649140867","0"
"CCDC90B","0","0","0","0","0","0","0","0","0","0","3.3881094626363772"
"CCL2","0","0","0","0","17.565991832535509","0","0","19.846182760400069","0","0","0"
"CCL20","0","0","0","0","36.697307868259337","0","0","38.387967124360003","0","0","0"
"CCM2","0","0","0","0","0","0","0","0","0","4.2745651690248732","0"
"CCND1","0","0","0","6.2630116054599556","0","0","0","0","0","0","0"
"CCNG2","0","7.3258406692828464","0","0","0","0","0","0","0","0","0"
"CD1A","0","0","0","0","0","0","0","0","1.6916094831884643","0","0"
"CD40","0","0","0","0","3.5202135906865246","0","0","0","0","0","0"
"CD72","0","0","0","0","0","0","0","0","0","-2.7177263885332832","0"
"CD80","0","0","0","0","3.7956150755271807","0","0","0","0","0","0"
"CD83","0","0","0","0","10.451370868343178","0","0","11.002664858510604","0","0","0"
"CD93","0","0","0","0","0","0","0","0","0","3.0804602514285708","0"
"CDC37L1","0","0","0","0","0","0","0","0","0","3.3029194866435816","0"
"CDCA4","0","0","0","3.0102812615697476","0","0","0","0","0","0","0"
"CDH2","0","0","0","0","0","0","3.2883102380649416","0","0","0","0"
"CDIP1","0","0","0","0","0","0","0","0","0","0","5.0494435822824357"
"CDK5RAP3","0","0","0","0","0","-5.2547665876429646","0","0","0","0","0"
"CDKN1A","0","0","0","0","0","0","0","0","0","0","15.956970310754725"
"CDKN2B","0","0","0","0","0","0","3.373728102887283","0","0","0","0"
"CEL","0","0","0","0","0","0","0","0","0","0","4.0495346722634329"
"CEPT1","-0.99459373412426422","0","0","0","0","0","0","0","0","0","0"
"CES2","0","0","0","0","0","0","0","0","0","0","7.2803848415668231"
"CFB","0","0","0","0","6.3135199400462598","0","0","7.4267354264803815","0","0","0"
"CFL1","1.3292454786626662","0","0","0","0","0","0","0","0","0","0"
"CFLAR","0","0","0","0","4.0167115882187581","0","0","3.7265442353972937","0","0","0"
"CHRNA10","0.689980899769992","0","0","0","0","0","0","0","0","0","0"
"CHST3","0","0","0","0","0","0","2.2218008572948271","0","0","0","0"
"CILP","0","0","0","0","0","0","4.6510039636615552","0","0","0","0"
"CIR1","0","0","0","0","0","-5.0231611828514389","0","0","0","0","0"
"CLCA2","0","0","0","0","0","0","0","0","0","0","10.519255935623086"
"CLDN1","0","0","0","0","0","0","0","9.0899555951641222","0","0","0"
"CLDN11","0","0","0","0","0","0","-3.6902833957792103","0","0","0","0"
"CLDN8","-2.0187078484873311","0","0","0","0","0","0","0","0","0","0"
"CLK3","0","3.5640137670809371","0","0","0","0","0","0","0","0","0"
"CLUHP3","0","0","0","0","0","0","0","1.9472882155556552","0","0","0"
"CMBL","0","0","0","0","0","0","0","0","0","0","5.0508557292028229"
"CMPK2","0","0","15.928771442465818","0","0","0","0","0","0","0","0"
"CMTR1","0","0","2.7808605002963298","0","0","0","0","0","0","0","0"
"CNN1","0","0","0","0","0","0","4.9534712486596835","0","0","0","0"
"CNP","0","0","2.9606567575687763","0","0","0","0","0","0","0","0"
"CNR1","0","0","0","0","0","0","0","0","0","-1.4561375900150673","0"
"COL1A1","0","0","0","0","0","0","3.5660810423552558","0","0","0","0"
"COL4A1","0","0","0","0","0","0","6.3374895748324231","0","0","0","0"
"COL4A2","0","0","0","0","0","0","4.2212636778339165","0","0","0","0"
"COL5A1","0","0","0","0","0","0","5.221051245569531","0","0","0","0"
"COMMD6","0","0","0","0","0","-3.4624391132898946","0","0","0","0","0"
"COMP","0","0","0","0","0","0","9.8992499603551742","0","0","0","0"
"COQ8A","0","0","0","0","0","-6.3882123748854989","0","0","0","0","0"
"CPA6","0","0","0","0","0","0","0","0","0","-2.5637682550218517","0"
"CREB3L4","0","0","0","0","0","-9.1026516534913835","0","0","0","0","0"
"CREBRF","0","0","0","0","0","-10.446075274188333","0","0","0","0","0"
"CRIPT","-2.0449378698683227","0","0","0","0","0","0","0","0","0","0"
"CRKL","0","2.554734213406757","0","0","0","0","0","0","0","0","0"
"CRLF1","0","0","0","0","0","0","4.8252931118197413","0","0","0","0"
"CRYL1","0","0","0","0","0","-7.3330261790771276","0","0","0","0","0"
"CRYM","0","0","0","0","0","0","0","0","0","3.4610332609011807","0"
"CSF2","0","0","0","0","5.9035262779130617","0","0","8.3554806373020796","0","0","0"
"CSF3","0","0","0","0","4.9031843413131","0","0","6.3431403754268976","0","0","0"
"CSMD3","0","0","0","0","0","0","0","0","0","0","4.8126014630068932"
"CST7","0","0","0","0","0","0","0","0","2.084534800857333","0","0"
"CSTA","0","0","0","0","0","0","0","0","0","0","9.0060777037077333"
"CTD-2297D10.2","0","0","0","0","0","0","0","0","-1.2688720152384787","0","0"
"CTDSP1","0","0","0","0","0","-5.5675693175324739","0","0","0","0","0"
"CTHRC1","0","0","0","0","0","0","0","9.4595602821160458","0","0","0"
"CTSF","0","0","0","0","0","-9.1721427351910378","0","0","0","0","0"
"CTSS","0","0","0","0","0","0","0","6.3975388341766894","0","0","0"
"CXCL1","0","0","0","0","23.421858781118814","0","0","20.426545983466958","0","0","0"
"CXCL11","0","0","15.007662719331066","0","15.834366797407496","0","0","0","0","0","0"
"CXCL2","0","0","0","0","9.4034599575371729","0","0","8.9547595746715434","0","0","0"
"CXCL3","0","0","0","0","22.946114218850756","0","0","23.758105672194567","0","0","0"
"CXCL5","0","0","0","0","7.1796479165782516","0","0","10.081367932472133","0","0","0"
"CXCL6","0","0","0","0","8.7254014273715068","0","0","10.517614056873304","0","0","0"
"CXCL8","0","0","0","0","38.517928689387205","0","0","45.441827216238877","0","0","0"
"CXorf56","0","0","0","0","0","0","0","0","-1.3793938976580724","0","0"
"CYFIP2","0","0","0","0","0","0","0","0","0","0","7.0609045596148619"
"CYLD","0","0","0","0","2.7733142337565222","0","0","2.875463653861722","0","0","0"
"CYP2J2","0","0","2.0935776003100353","0","0","0","0","0","0","0","0"
"CYP4F2","0","0","0","0","0","0","0","0","0","0","4.1394348540747821"
"CYSRT1","0","0","0","0","0","0","0","0","0","0","5.0764307587317807"
"CYTL1","0","0","0","0","0","-4.865441636391191","0","0","0","3.4783279013951853","0"
"DACT1","0","0","0","0","0","0","6.2208796855215596","0","0","0","0"
"DARS","0","3.6708158441807912","0","0","0","0","0","0","0","0","0"
"DAZAP2","0","0","0","-1.4077949825542642","0","0","0","0","0","0","0"
"DCAF13","1.4342329570502361","0","0","0","0","0","0","0","0","0","0"
"DCBLD2","0","0","0","3.3715156847873708","0","0","0","0","0","0","0"
"DCHS2","0","0","0","0","0","0","0","0","0","-1.7317454315883085","0"
"DDB2","0","0","0","0","0","0","0","0","0","0","8.1855832601451688"
"DDX19A","0","0","0","0","0","0","0","0","-1.4562586132251549","0","0"
"DDX58","0","0","12.965378249415931","0","0","0","0","0","0","0","0"
"DDX60","0","0","12.198233209424696","0","0","0","0","0","0","0","0"
"DDX60L","0","0","7.2022830331221579","0","0","0","0","0","0","0","0"
"DERL3","0","0","0","0","0","-4.0336794248105132","0","0","0","0","0"
"DGKA","0","0","0","0","0","0","0","0","0","0","5.3815056342530978"
"DGKI","0","0","0","0","0","0","2.2411436132070746","0","0","0","0"
"DHRS12","0","0","0","0","0","-3.4073498190950291","0","0","0","0","0"
"DHX58","0","0","4.9099421347870988","0","0","0","0","0","0","0","0"
"DLEU7-AS1","0","0","0","0","0","0","0","0","0","-4.0210843286344131","0"
"DMRTC2","0","0","0","0","0","0","0","0","-1.4874649932723798","0","0"
"DNAJB8","0","0","0","0","0","0","0","0","-1.3663966648633838","0","0"
"DNAL4","0","0","0","0","0","-4.4458672749880943","0","0","0","0","0"
"DNASE2","0","0","0","-1.8218204163370102","0","0","0","0","0","0","0"
"DOLK","0","-3.4641716715903721","0","0","0","0","0","0","0","0","0"
"DPY19L1P1","-1.34731132585061","0","0","0","0","0","0","0","0","0","0"
"DQX1","0","0","0","0","0","0","0","0","0","0","4.3871161059376158"
"DRAM1","0","0","0","0","9.5477003571551045","0","0","10.758252373531665","0","0","0"
"DRAXIN","0","0","0","0","0","0","0","0","0","0","6.0144052448526324"
"DSPP","2.3503871126951883","0","0","0","0","0","0","0","0","0","0"
"DTX2","0","0","0","0","0","0","0","2.9313197283249459","0","0","0"
"DTX3L","0","0","8.3584186979641792","0","0","0","0","0","0","0","0"
"DUSP4","6.9671796714740868","0","0","7.8048159596963798","0","0","0","0","0","0","0"
"DUSP5","7.943039506997307","0","0","7.9200301425831627","0","0","0","0","0","0","0"
"DUSP6","12.629312588446037","0","0","16.859015828017647","0","0","0","0","0","0","0"
"DUSP7","0","0","0","2.4525082633813482","0","0","0","0","0","0","0"
"DYNC2LI1","-1.4302386019583069","0","0","0","0","0","0","0","0","0","0"
"E2F3","0","0","0","2.0343484754869108","0","0","0","0","0","0","0"
"EAPP","-2.2398997303308854","0","0","0","0","0","0","0","0","0","0"
"EBI3","0","0","0","0","7.5461852100646292","0","0","0","0","0","0"
"ECH1","0","0","0","-2.2897420836192053","0","0","0","0","0","0","0"
"EDA2R","0","0","0","0","0","0","0","0","0","0","3.1791323026964338"
"EDN1","0","0","0","0","0","0","0","7.5856238027757437","0","0","0"
"EFHC1","-2.0346036601314106","0","0","0","0","0","0","0","0","0","0"
"EFNA1","0","0","0","0","11.433295392016355","0","0","18.631109384930614","0","0","0"
"EFNA3","0","4.2117400893778791","0","0","0","0","0","0","0","0","0"
"EFNB1","0","0","0","0","0","0","0","0","0","0","2.8656789911934504"
"EFR3B","0","0","0","0","0","0","1.3343499021654321","0","0","0","0"
"EGLN1","0","9.5944500216630946","0","0","0","0","0","0","0","0","0"
"EGLN3","0","11.655727921145276","0","0","0","0","0","0","0","0","0"
"EGR3","6.2714155011131894","0","0","0","0","0","0","0","0","0","0"
"EGR4","2.9530763854223228","0","0","0","0","0","0","0","0","0","0"
"EHD1","0","0","0","0","5.8716073842959258","0","0","0","0","0","0"
"EI24","0","0","0","0","0","0","0","0","0","0","4.09203042424567"
"EIF2AK2","0","0","5.7230163248751165","0","0","0","0","0","0","0","0"
"ELF2","-1.3429287000126269","0","0","0","0","0","0","0","0","0","0"
"ELK3","0","0","0","2.9961403928388033","0","0","0","0","0","0","0"
"ELOVL7","0","0","0","0","8.7921157534434382","0","0","0","0","0","0"
"ENO1","0","6.1038629873978119","0","0","0","0","0","0","0","0","0"
"ENO2","0","14.326939818224215","0","0","0","0","0","0","0","0","0"
"EPB41L4A-AS1","0","0","0","0","0","-12.274861316622637","0","0","0","0","0"
"EPHA2","5.4111841020654285","0","0","6.3140124466607563","0","0","0","0","0","0","0"
"EPHA3","0","0","0","0","0","0","0","0","0","-4.4340856085806291","0"
"EPN2","0","0","0","0","0","0","0","0","0","10.766190218432925","0"
"EPSTI1","0","0","12.08161764162436","0","0","0","0","0","0","0","0"
"ERICH3-AS1","0","0","0","0","0","0","0","0","1.2441759656070432","0","0"
"ERO1A","0","9.6981981878001164","0","0","0","0","0","0","0","0","0"
"ETFDH","-1.668458754983148","0","0","0","0","0","0","0","0","0","0"
"ETS1","0","0","0","0","0","0","0","4.5911709343546256","0","0","0"
"ETV1","0","0","0","3.5634647887567596","0","0","0","0","0","0","0"
"ETV4","0","0","0","5.2937839786054246","0","0","0","0","0","0","0"
"ETV5","0","0","0","5.9887096059442211","0","0","0","0","0","0","0"
"ETV7","0","0","4.7795281618951142","0","0","0","0","0","0","0","0"
"EXD3","0.77992451347094682","0","0","0","0","0","0","0","0","0","0"
"FAM134C","-2.1223177844002925","0","0","0","0","0","0","0","0","0","0"
"FAM13A","0","5.0941798204647561","0","0","0","0","0","0","0","0","0"
"FAM13C","0","0","0","0","0","0","0","0","0","0","4.3149745338603518"
"FAM149B1","0","0","0","-1.3423423225079836","0","0","0","0","0","0","0"
"FAM162A","0","8.3355515515155592","0","0","0","0","0","0","0","0","0"
"FAS","0","0","0","0","0","0","0","0","0","0","12.03060138237465"
"FAXDC2","0","0","0","0","0","-12.421273827481306","0","0","0","0","0"
"FBLN5","0","0","0","0","0","0","4.9224852562283399","0","0","0","0"
"FBXO22","0","0","0","0","0","0","0","0","0","0","3.6925260016270243"
"FBXO25","0","0","0","0","0","-7.0330297344409178","0","0","0","0","0"
"FBXO42","0","2.2572287329470258","0","0","0","0","0","0","0","0","0"
"FBXW7","0","0","0","0","0","0","0","0","0","0","4.2832855823313212"
"FCGRT","0","0","0","0","0","-6.1702434058396767","0","0","0","0","0"
"FCMR","0","0","0","0","0","-4.9268801140836676","0","0","0","0","0"
"FDXR","0","0","0","0","0","0","0","0","0","0","11.994495921690353"
"FERMT1","0","0","0","2.3337046554602789","0","0","0","0","0","0","0"
"FHIT","0","0","0","0","0","-4.6151669466894418","0","0","0","0","0"
"FLAD1","0","-3.2942166219182485","0","0","0","0","0","0","0","0","0"
"FLCN","0","0","0","0","0","0","0","0","1.5934394482371779","0","0"
"FMO5","0","0","0","-1.4972416565697739","0","0","0","0","0","0","0"
"FOSL1","7.6478297953384162","0","0","9.0005223086329469","0","0","0","0","0","0","0"
"FOXN3","-1.6795430125990121","0","0","0","0","0","0","0","0","0","0"
"FRMPD1","0","0","0","0","0","0","0","0","-2.2346142429872535","0","0"
"FSTL3","0","0","0","0","0","0","6.807359103417256","0","0","0","0"
"FUT11","0","11.170582164162454","0","0","0","0","0","0","0","0","0"
"GAA","0","0","0","0","0","-5.3677841044226353","0","0","0","0","0"
"GABARAP","0","0","0","-2.9616637855482773","0","0","0","0","0","0","0"
"GALNT10","0","0","0","0","0","0","3.0470770726767569","0","0","0","0"
"GAPDH","0","5.046552543867155","0","0","0","0","0","0","0","0","0"
"GATAD2A","0","0","0","1.3592381882946021","0","0","0","0","0","0","0"
"GBE1","0","9.711499344287045","0","0","0","0","0","0","0","0","0"
"GBP1","0","0","10.3986860770214","0","0","0","0","0","0","0","0"
"GBP4","0","0","8.0846576698246047","0","0","0","0","0","0","0","0"
"GCH1","0","0","0","0","14.02604366447971","0","0","0","0","0","0"
"GDF15","0","0","0","0","0","0","0","0","0","0","9.7739816838401889"
"GDF5","0","0","0","0","0","0","-1.939559485845836","0","0","0","0"
"GEMIN8","0","0","0","0","0","-4.1331773597269486","0","0","0","0","0"
"GLI4","0","0","0","0","0","-3.0980704897335043","0","0","0","0","0"
"GLIPR1L1","0","0","0","0","0","0","0","0","1.1622241729387786","0","0"
"GLS2","0","0","0","0","0","0","0","0","0","0","6.4524648846762949"
"GNL3L","0","0","0","0","0","0","0","0","-2.0591397338335491","0","0"
"GNPTG","0","0","0","0","0","-6.9666095744812617","0","0","0","0","0"
"GOLPH3L","-2.7415248706060975","0","0","0","0","0","0","0","0","0","0"
"GOPC","0","0","0","0","0","0","2.8545176084128645","0","0","0","0"
"GP5","0","0","0","0","0","0","0","0","0","-1.5919264340509562","0"
"GPI","0","8.5495802201863818","0","0","0","0","0","0","0","0","0"
"GPR176","0","0","0","0","0","0","0","3.0121862726163635","0","0","0"
"GPR18","0","0","0","0","0","0","0","0","3.2408048258403106","0","0"
"GPR3","0","0","0","1.630829259668156","0","0","0","0","0","0","0"
"GPR75","1.0370395152926324","0","0","0","0","0","0","0","0","0","0"
"GPR87","0","0","0","0","0","0","0","0","0","0","10.836121759977534"
"GRAMD1C","-2.7970919926897237","0","0","0","0","0","0","0","0","0","0"
"GRHL3","0","0","0","0","0","0","0","0","0","0","8.21231017387999"
"GRIA3","0","0","0","0","0","0","1.0868126315283173","0","0","0","0"
"GRID1-AS1","0","0","0","0","0","0","0","0","1.6301762501321049","0","0"
"GRIN2C","0","0","0","0","0","0","0","0","0","0","1.839359805817828"
"GRIP2","0","0","0","0","0","0","0","0","0","0","2.527611464512725"
"GRPEL1","0","0","0","2.6694687526648719","0","0","0","0","0","0","0"
"GSAP","0","0","0","0","0","0","0","4.8681624136785908","0","0","0"
"GVQW2","0","0","0","0","0","0","0","0","-1.6325330408537919","0","0"
"GYS1","0","4.922863343877431","0","0","0","0","0","0","0","0","0"
"HACD4","0","0","0","0","0","0","0","0","0","-3.7623139197795421","0"
"HAR1A","0","0","0","0","0","0","0","0","1.5633471710250062","0","0"
"HAS3","2.9237377651194891","0","0","0","0","0","0","0","0","0","0"
"HELZ2","0","0","4.7621518844019377","0","0","0","0","0","0","0","0"
"HERC5","0","0","9.1196424068944886","0","0","0","0","0","0","0","0"
"HERC6","0","0","8.7696758787049003","0","0","0","0","0","0","0","0"
"HILPDA","0","16.707123547646272","0","0","0","0","0","0","0","0","0"
"HIVEP1","0","0","0","0","3.9997148800250222","0","0","0","0","0","0"
"HIVEP2","0","0","0","0","3.9514266441061672","0","0","0","0","0","0"
"HMGA1","0","0","0","2.8687056823089896","0","0","0","0","0","0","0"
"HMGA2","0","0","0","3.7279710730494138","0","0","0","0","0","0","0"
"HMHB1","0","0","0","0","0","0","0","0","0","-1.7094532837981149","0"
"HMOX2","1.7196379725677713","0","0","0","0","0","0","0","0","0","0"
"HSBP1L1","0","0","0","0","0","-6.8931569144424962","0","0","0","0","0"
"HSD17B6","0","0","0","0","0","0","4.7825272872772793","0","0","0","0"
"HSD17B8","0","0","0","0","0","-8.6015706756491834","0","0","0","0","0"
"HSD3BP4","0","0","0","0","0","0","0","0","0","0","6.3187192139867161"
"HTR1F","0","0","0","0","0","0","0","0","-1.436708264256362","-2.2364597930220778","0"
"HVCN1","0","0","0","0","0","0","0","0","2.1822532622856001","0","0"
"ICAM1","0","0","0","0","18.369385264106057","0","0","22.039340719801569","0","0","0"
"ID1","0","0","0","0","0","0","12.354287661061489","0","0","0","0"
"ID3","0","0","0","0","0","0","10.481113198178958","0","0","0","0"
"ID4","0","0","0","0","0","0","4.1699013501290461","0","0","0","0"
"IFI16","0","0","7.2845134628468626","0","0","0","0","0","0","0","0"
"IFI27","0","0","11.20265458228107","0","0","0","0","0","0","0","0"
"IFI35","0","0","10.598535682064476","0","0","0","0","0","0","0","0"
"IFI44","0","0","12.450862527212522","0","0","0","0","0","0","0","0"
"IFI44L","0","0","18.867155888745373","0","0","0","0","0","0","0","0"
"IFI6","0","0","12.579694504712801","0","0","0","0","0","0","0","0"
"IFIH1","0","0","8.3476926517516592","0","6.0420364439095415","0","0","0","0","0","0"
"IFIT1","0","0","27.851363088861039","0","0","0","0","0","0","0","0"
"IFIT2","0","0","16.18714603519944","0","0","0","0","0","0","0","0"
"IFIT3","0","0","20.592306560138873","0","0","0","0","0","0","0","0"
"IFIT5","0","0","7.9480689352235254","0","0","0","0","0","0","0","0"
"IFITM1","0","0","13.943094211839188","0","0","0","0","0","0","0","0"
"IFNAR2","0","0","0","0","4.6833189832988644","0","0","7.5807006861403208","0","0","0"
"IFNGR2","0","0","0","0","6.0220097247538682","0","0","7.3777888714754125","0","0","0"
"IFNLR1","0","0","0","0","0","0","0","0","1.7142473031562651","0","0"
"IGFL1","0","0","0","0","0","0","0","8.9515699799529767","0","0","0"
"IGLL1","0","0","0","0","0","0","0","0","0","-3.3848905508436151","0"
"IGLL3P","0","0","0","0","0","0","0","0","1.2067797132569349","0","0"
"IKBKE","0","0","0","0","3.341126887581698","0","0","3.7731631812446489","0","0","0"
"IKZF3","0","0","0","0","0","0","0","0","0","-1.6069478763992708","0"
"IL11","0","0","0","0","0","0","6.3308961562902999","0","0","0","0"
"IL15","0","0","0","0","5.1465680922153583","0","0","5.5071002223072556","0","0","0"
"IL1A","0","0","0","0","8.1112909722169881","0","0","0","0","0","0"
"IL1B","0","0","0","0","21.655929310734159","0","0","0","0","0","0"
"IL1RN","0","0","0","0","5.1515796596856642","0","0","4.754297985994012","0","0","0"
"IL23A","0","0","0","0","2.0729049235948827","0","0","0","0","0","0"
"IL32","0","0","0","0","10.452316416252055","0","0","15.963619088902076","0","0","0"
"IL36G","0","0","0","0","9.8264055578612535","0","0","13.425174324449806","0","0","0"
"IL6","0","0","0","0","21.770635436391991","0","0","19.70357332798217","0","0","0"
"IL7R","0","0","0","0","8.8133123352708864","0","0","0","0","0","0"
"IMMP2L","0","0","0","0","0","0","0","0","0","-2.01199922020731","0"
"ING4","0","0","0","0","0","-7.7001180755286764","0","0","0","0","0"
"INHBA","0","0","0","0","12.467593656988873","0","0","15.563198677198198","0","0","0"
"INO80C","0","0","0","0","0","4.1082174786168091","0","0","0","0","0"
"INPP1","0","0","0","0","0","0","0","0","0","0","7.4880758358218609"
"INPP5K","0","0","0","0","0","-4.5300981529913189","0","0","0","0","0"
"INSIG2","0","13.562193843210398","0","0","0","0","0","0","0","0","0"
"IRAK2","0","0","0","0","5.3433916126853855","0","0","0","0","0","0"
"IRF1","0","0","0","0","12.698009124870918","0","0","15.650726704349548","0","0","0"
"IRF7","0","0","8.0693743209048296","0","0","0","0","0","0","0","0"
"IRF9","0","0","7.5265841889315563","0","0","0","0","0","0","0","0"
"ISCU","0","0","0","0","0","0","0","0","0","0","5.5123499539822856"
"ISG15","0","0","20.039033525061807","0","0","0","0","0","0","0","0"
"ISLR2","0","0","0","0","0","0","2.4680600875977121","0","0","0","0"
"ITGA11","0","0","0","0","0","0","3.3926975652718681","0","0","0","0"
"JCHAIN","0","0","0","0","0","0","0","0","0","-3.3479950127624409","0"
"KANK3","0","0","0","0","0","0","0","0","0","0","2.9054397971751946"
"KANSL1-AS1","0","0","0","0","0","-6.0699500775722548","0","0","0","0","0"
"KCNA5","0","0","0","0","0","0","0","0","1.4800500658955051","0","0"
"KCNAB3","0","0","0","0","0","0","0","0","-0.95173366953487415","0","0"
"KCNF1","1.5758757301367112","0","0","0","0","0","0","0","0","0","0"
"KCNK10","0","0","0","0","0","0","0","0","0","2.8833063639311658","0"
"KDM3A","0","10.850752743976678","0","0","0","0","0","0","0","0","0"
"KDM4B","0","3.6502093225821697","0","0","0","0","0","0","0","0","0"
"KDM4C","0","2.2581509616676261","0","0","0","0","0","0","0","0","0"
"KIAA0430","-2.2984685174468558","0","0","0","0","0","0","0","0","0","0"
"KIAA1211","0","0","0","0","0","0","0","0","0","-4.8711900304965905","0"
"KIAA1522","-2.5069414673372918","0","0","-2.2998986524877694","0","0","0","0","0","0","0"
"KIRREL3","0","0","0","0","0","0","2.5423855595634262","0","0","0","0"
"KLHDC2","-3.5939296545590831","0","0","0","0","0","0","0","0","0","0"
"KLHDC7A","0","0","0","0","0","0","0","0","0","0","4.5662746090957205"
"KLHL14","0","0","0","0","0","0","0","0","-1.762760000960198","0","0"
"KMO","0","0","0","0","3.9742350645466931","0","0","0","0","0","0"
"KMT5A","0","0","0","1.7409748125000095","0","0","0","0","0","0","0"
"KRR1","0","0","0","1.4617071935532731","0","0","0","0","0","0","0"
"KRT35","0","0","0","0","0","0","0","0","1.0822472706489599","0","0"
"KRT6B","0","0","0","0","0","0","0","4.4162232668152219","0","0","0"
"KRTAP19-1","0","0","0","0","0","-6.8819516907173348","0","0","0","0","0"
"KYNU","0","0","0","0","6.4044636055751063","0","0","0","0","0","0"
"LAMB2","0","0","0","-2.392879637488782","0","0","0","0","0","0","0"
"LAMC2","3.9201157234022683","0","0","0","0","0","0","0","0","0","0"
"LAMP3","0","0","9.9732302940161333","0","0","0","0","0","0","0","0"
"LAMTOR5-AS1","0","0","0","0","0","-8.0315855193524186","0","0","0","0","0"
"LAP3","0","0","7.3849588673353095","0","0","0","0","0","0","0","0"
"LARP7","-0.91707745578243038","0","0","0","0","0","0","0","0","0","0"
"LCE1B","0","0","0","0","0","0","0","0","0","0","11.81373659688734"
"LCE1C","0","0","0","0","0","0","0","0","0","0","30.220747276406065"
"LDHA","0","7.6534503218043319","0","0","0","0","0","0","0","0","0"
"LDLR","0","0","0","3.0739109857552878","0","0","0","0","0","0","0"
"LECT2","0","0","0","0","0","0","2.9089513707402834","0","0","0","0"
"LIM2","0","0","0","0","0","0","0","0","1.123151435766687","0","0"
"LIMS2","0","0","0","0","0","0","2.2749467412420898","0","0","0","0"
"LINC00163","0","0","0","0","0","0","0","0","1.8582316675045778","0","0"
"LINC00312","0","0","0","0","0","0","4.4289870935337694","0","0","0","0"
"LINC00642","0","0","0","0","0","0","0","0","0.92632955883389101","0","0"
"LINC01013","0","0","0","0","0","0","0","0","1.6419750937114803","0","0"
"LINC01095","0","0","0","0","0","0","0","0","1.2526847448027125","0","0"
"LINC01226","0","0","0","0","0","0","0","0","2.0080946381392626","0","0"
"LINC01355","0","0","0","0","0","0","0","0","0","3.867232246388971","0"
"LINC01558","0","0","0","0","0","0","0","0","0","-1.2064264565242291","0"
"LMCD1","0","0","0","0","0","0","5.6752815262663745","0","0","0","0"
"LMO2","0","0","0","0","0","0","0","0","0","3.651742989258342","0"
"LOC100130417","0","0","0","0","0","0","4.1322739699433688","0","0","0","0"
"LOC100130476","0","0","0","0","0","0","0","6.5106544912057469","0","0","0"
"LOC100131655","0","0","0","0","0","0","0","0","1.6698046294383586","0","0"
"LOC100133106","0","0","0","0","0","0","0","0","0","26.754920567847655","0"
"LOC100134937","0","0","0","0","0","-8.910734122364131","0","0","0","0","0"
"LOC100190986","0","0","0","0","0","0","0","0","-4.081676886869297","0","0"
"LOC100288160","0","0","0","0","0","0","0","0","0","-6.3542784632186251","0"
"LOC100291323","0","0","0","0","0","0","0","0","-3.2310897997953747","0","0"
"LOC100291666","0","0","0","0","0","0","0","0","0","2.3759754336732084","0"
"LOC100505938","0","0","0","0","0","-8.285445628429434","0","0","0","0","0"
"LOC100506125","0","0","0","0","0","-4.8813635445385906","0","0","0","0","0"
"LOC100506725","0","0","0","0","0","-4.6033253978436699","0","0","0","0","0"
"LOC100507477","0","0","0","0","0","-4.8821513308509701","0","0","0","0","0"
"LOC100996579","0","0","0","0","0","0","0","0","0","-3.444280544885697","0"
"LOC101926892","0","0","0","0","0","0","0","0","-1.3807377642579235","0","0"
"LOC101927363","1.5104066133828027","0","0","0","0","0","0","0","-1.6054335475800083","0","0"
"LOC101927641","0","0","0","0","0","0","0","0","1.2862473937908077","0","0"
"LOC101927809","0","0","0","0","0","-6.9352358491487296","0","0","0","0","0"
"LOC101928045","0","0","0","0","0","0","0","0","0","-3.9218308342654091","0"
"LOC101928076","0","0","0","0","0","0","5.7124712511431861","0","0","0","0"
"LOC101928271","0","0","0","0","0","0","0","0","1.2034407156719331","0","0"
"LOC101928424","0","0","0","0","0","-4.6274450101887226","0","0","0","0","0"
"LOC101928446","0","0","0","0","0","0","0","0","1.3653484566665701","0","0"
"LOC101928580","0","0","0","0","0","0","0","0","1.4634596858724556","0","0"
"LOC101929609","0","0","0","0","0","0","0","0","-1.7198281767259322","0","0"
"LOC102724587","0","0","0","0","0","0","0","0","-3.4921889517840761","0","0"
"LOC105373860","0","0","0","0","0","0","0","0","0","-3.0665271066797559","0"
"LOC105375483","0","0","0","0","0","0","0","0","1.4762155295448467","0","0"
"LOC105375839","1.4286168392832919","0","0","0","0","0","0","0","0","0","0"
"LOC105378419","0","0","0","0","0","0","0","0","1.7777723693764989","0","0"
"LOC146513","0","0","0","0","0","0","0","0","-1.3462942114141054","0","0"
"LOC154761","0","10.191875799876831","0","0","0","0","0","0","0","0","0"
"LOC253573","0","0","0","0","0","0","0","0","-1.1973932001842047","0","0"
"LOC283075","0","0","0","0","0","-3.969674060411005","0","0","0","0","0"
"LOC283861","0","0","0","0","0","-12.66826977189484","0","0","0","0","0"
"LOC285043","0","0","0","0","0","0","0","0","1.2535346110856718","0","0"
"LOC285097","0","0","0","0","0","0","0","0","-1.5560107253813531","0","0"
"LOC400710","0","0","0","0","0","0","0","0","0","0","4.245149037088769"
"LOC440300","0","0","0","0","0","0","0","0","0","-4.1016874916943236","0"
"LOC441179","0","0","0","0","0","0","0","0","0","-5.589827044012873","0"
"LOC441454","0","0","0","0","0","0","0","0","-1.4632017581949761","0","0"
"LOC727916","0","0","0","0","0","0","0","0","0","0","13.952357888358449"
"LOC728061","-4.4427760011085793","0","0","0","0","0","0","0","0","0","0"
"LOX","0","7.4612078162372732","0","0","0","0","0","0","0","0","0"
"LOXL2","0","4.6087678665978506","0","0","0","0","0","0","0","0","0"
"LRMP","0","0","0","0","0","0","0","0","0","-3.3123050701154768","0"
"LRP8","0","0","0","4.5130042760078135","0","0","0","0","0","0","0"
"LRRC15","0","0","0","0","0","0","2.3045951544477248","0","0","0","0"
"LRRC23","0","0","0","0","0","-3.2932531104650931","0","0","0","0","0"
"LRRC32","0","0","0","0","0","0","5.2935956313949433","0","0","0","0"
"LRRN4CL","0","0","0","0","0","0","-3.7845151265279888","0","0","0","0"
"LSM12","0","0","0","0","0","0","0","0","-1.9787703156243888","0","0"
"LTB","0","0","0","0","3.1875687917698254","0","0","4.8273116314667242","0","0","0"
"LTBP2","0","0","0","0","0","0","4.372793934796392","0","0","0","0"
"LZTFL1","-1.8738769292529627","0","0","0","0","0","0","0","0","0","0"
"MAN2B2","0","0","0","-1.9176061372352162","0","0","0","0","0","0","0"
"MAP3K8","0","0","0","0","7.3992053647444811","0","0","0","0","0","0"
"MAPK7","0","2.6319045210840701","0","0","0","0","0","0","0","0","0"
"MARCKS","0","0","0","0","4.7613730888768151","0","0","0","0","0","0"
"MBTPS1","-1.4066013754786937","0","0","0","0","0","0","0","0","0","0"
"MCAM","0","0","0","0","0","5.1250827229370985","0","0","0","0","0"
"MCCC1","-2.17032352979398","0","0","-1.9226763273753307","0","0","0","0","0","0","0"
"MCL1","0","0","0","3.0128649957043359","0","0","0","0","0","0","0"
"MCMBP","0","0","0","1.8875507351429295","0","0","0","0","0","0","0"
"MDFI","1.1601090725994416","0","0","0","0","0","0","0","0","0","0"
"MDM2","0","0","0","0","0","0","0","0","0","0","8.1934882691823017"
"MEX3B","0","0","0","0","0","0","3.9782923702542861","0","0","0","0"
"MFAP4","0","0","0","0","0","0","5.8130385011282444","0","0","0","0"
"MFGE8","0","0","0","0","0","-5.9015304549498522","0","0","0","0","0"
"MGST3","0","0","0","-1.4528316817291829","0","0","0","0","0","0","0"
"MIER2","0","0","0","0.95664035735757258","0","0","0","0","0","0","0"
"MIR100","0","0","0","0","0","0","0","0","0","12.192236274657523","0"
"MIR181B2","0","0","0","0","0","0","3.2941496428843249","0","0","0","0"
"MIR199A1","0","0","0","0","0","0","0","0","0","10.244797332604477","0"
"MIR210HG","0","11.491864836574095","0","0","0","0","0","0","0","0","0"
"MIR222","0","0","0","0","0","0","0","0","0","29.417697849774793","0"
"MIR29A","0","0","0","0","0","0","0","0","0","31.142521952775528","0"
"MIR31","0","0","0","0","0","0","0","0","0","18.754341759074524","0"
"MIR323B","0","0","0","0","0","0","0","0","0","-9.3438561073701667","0"
"MIR34A","0","0","0","0","0","0","0","0","0","0","11.19059314610471"
"MIR34AHG","0","0","0","0","0","0","0","0","0","9.0427031509453357","0"
"MIR503HG","0","0","0","0","0","0","0","0","0","-13.938574448573464","0"
"MIRLET7A2","0","0","0","0","0","0","0","0","0","14.700582807545896","0"
"MLANA","0","0","0","0","0","-9.9857429320013829","0","0","0","0","0"
"MMP10","0","0","0","0","0","0","0","8.3474278396048032","0","0","0"
"MMP12","0","0","0","0","0","0","0","6.4770171087682842","0","0","0"
"MMP13","0","0","0","0","0","0","0","7.1057590330167395","0","0","0"
"MMP9","0","0","0","0","0","0","0","12.588757730190256","0","0","0"
"MPI","0","3.5021653092417449","0","0","0","0","0","0","0","0","0"
"MPP6","0","0","0","2.2426215753709076","0","0","0","0","0","0","0"
"MRAS","0","0","0","0","0","0","5.2019665810873006","0","0","0","0"
"MRGPRX3","0","0","0","0","0","0","0","10.786210563963566","0","0","0"
"MS4A1","0","0","0","0","0","0","0","0","1.479370071782234","0","0"
"MSC","0","0","0","0","6.3592065530327577","0","0","0","0","0","0"
"MSR1","0","0","0","0","0","0","-1.764838201889795","0","0","0","0"
"MST1","0","0","0","0","0","-4.9868856356050131","0","0","0","0","0"
"MUC19","0","0","0","0","0","0","0","0","0","0","7.0401102333555041"
"MURC","0","0","0","0","0","0","4.5973433386721023","0","0","0","0"
"MUT","-1.6908695700558949","0","0","0","0","0","0","0","0","0","0"
"MX1","0","0","19.384131266493444","0","0","0","0","0","0","0","0"
"MX2","0","0","11.818703102625824","0","0","0","0","0","0","0","0"
"MXI1","0","10.860921454642893","0","0","0","0","0","0","0","0","0"
"MYD88","0","0","4.3044307229500545","0","0","0","0","0","0","0","0"
"MYEOV","1.7266324343740325","0","0","0","0","0","0","0","0","0","0"
"MYL5","0","0","0","0","0","-5.2382964605566853","0","0","0","0","0"
"MYO1A","0.99477811951404294","0","0","0","0","0","0","0","0","0","0"
"MYO3A","0","0","0","0","0","0","0","0","0","-1.9521780420749844","0"
"MYOC","0","0","0","0","0","0","0","0","1.001947096180015","0","0"
"MYOZ1","0","0","0","0","0","0","4.9624748495177817","0","0","0","0"
"MZB1","0","0","0","0","0","0","0","0","0","-1.7013074123621696","0"
"N4BP2L2","-1.5940146460304414","0","0","0","0","0","0","0","0","0","0"
"NADSYN1","0","0","0","0","0","0","0","0","0","0","3.8369125803322448"
"NARF","0","4.0951491253284802","0","0","0","0","0","0","0","0","0"
"NBEAP1","0","0","0","0","0","0","0","0","0","0","6.7123085334828989"
"NBR1","-1.9972033641648641","0","0","0","0","0","0","0","0","0","0"
"NCKAP5","0","0","0","0","0","0","0","0","0","-8.071059398131732","0"
"NCKIPSD","0","2.3369825023476811","0","0","0","0","0","0","0","0","0"
"NDRG1","0","22.08711949313988","0","0","0","0","0","0","0","0","0"
"NDST3","0","0","0","0","0","0","0","0","0.96656379825011207","0","0"
"NECAP2","0","0","0","0","2.4427935008954034","0","0","2.7274085202207878","0","0","0"
"NECTIN4","0","0","0","0","0","0","0","0","0","0","9.3088762181610303"
"NEDD9","0","0","0","0","0","0","4.3611928102923319","0","0","0","0"
"NENF","0","0","0","0","0","-2.8622334493689188","0","0","0","0","0"
"NFAM1","0","0","0","0","0","0","0","0","1.1389091200150856","0","0"
"NFKB1","0","0","0","0","9.5136362208918737","0","0","9.3489580181997667","0","0","0"
"NFKB2","0","0","0","0","5.5155753818972135","0","0","5.0024501483286556","0","0","0"
"NFKBIA","0","0","0","0","11.444533714391747","0","0","12.567700437723602","0","0","0"
"NFKBIB","0","0","0","0","2.0655958781216768","0","0","2.0871274069430839","0","0","0"
"NFKBIE","0","0","0","0","8.2118328479671572","0","0","10.356205366989286","0","0","0"
"NFKBIZ","0","0","0","0","15.12381583682296","0","0","0","0","0","0"
"NGLY1","0","3.5046086484829","0","0","0","0","0","0","0","0","0"
"NID2","0","0","0","0","0","0","0","0","0","-4.9174717251708193","0"
"NINJ1","0","0","0","0","8.0122505785336564","0","0","8.5607346767964554","0","0","0"
"NINJ2","0","0","0","0","0","0","3.8756265958859437","0","0","0","0"
"NKD2","0","0","0","0","0","0","0","0","0","3.8953837260047064","0"
"NKX3-1","0","0","0","0","2.3729832993096198","0","0","2.8716327693324026","0","0","0"
"NLGN1","0","0","0","0","0","0","0","0","0","-5.6180749325532204","0"
"NLRC5","0","0","6.5468452606591914","0","0","0","0","0","0","0","0"
"NMI","0","0","7.4326545876309824","0","0","0","0","0","0","0","0"
"NNT","0","0","0","-1.819728215447125","0","0","0","0","0","0","0"
"NOL3","0","3.9380295361169138","0","0","0","0","0","0","0","0","0"
"NOX1","0","0","0","0","0","0","-1.0457633749156092","0","0","0","0"
"NOX4","0","0","0","0","0","0","5.9138131516494878","0","0","0","0"
"NPW","0","0","0","0","0","0","0","0","-2.2000197869737499","0","0"
"NPY","0","0","0","0","0","0","0","0","1.6067262732076601","0","0"
"NR1D2","-3.0832724486774854","0","0","0","0","0","0","0","0","0","0"
"NR2E1","0","0","0","0","0","-2.7215180976748341","0","0","0","0","0"
"NRF1","0","0","0","0","0","0","0","0","0","0","-2.3510351484879664"
"NRG3","0","0","0","0","0","0","0","0","0","-5.8237473288506951","0"
"NRN1","0","6.727516861287743","0","0","0","0","0","0","0","0","0"
"NT5E","0","0","0","5.8388813908219372","0","0","0","0","0","0","0"
"NT5M","0","0","0","0","0","-3.9151305534107705","0","0","0","0","0"
"NUAK1","0","0","0","0","0","0","6.0954299224416282","0","0","0","0"
"NUDT19","0","0","0","0","0","0","0","0","0","-9.1113680581604193","0"
"NUP50","0","0","0","1.7747107348358091","0","0","0","0","0","0","0"
"OAS1","0","0","15.02871458808529","0","0","0","0","0","0","0","0"
"OAS2","0","0","9.6248264339104761","0","0","0","0","0","0","0","0"
"OAS3","0","0","10.618841819069107","0","0","0","0","0","0","0","0"
"OASL","0","0","12.710727206366562","0","0","0","0","0","0","0","0"
"ODC1","4.6785508289638313","0","0","0","0","0","0","0","0","0","0"
"OGFR","0","0","2.0424781375059711","0","0","0","0","0","0","0","0"
"OLFM2","0","0","0","0","0","0","2.0653759894084955","0","0","0","0"
"OLR1","0","0","0","0","7.8420102863849523","0","0","0","0","0","0"
"OPCML","0","0","0","0","0","0","4.4679508830843266","0","0","0","0"
"OR5K1","0","0","0","0","0","0","0","0","-1.2612460538902648","0","0"
"OSER1-AS1","0","0","0","0","0","-7.8491354463411671","0","0","0","0","0"
"P2RX1","0","0","0","0","0","0","2.7581382924767666","0","0","0","0"
"P2RY14","0","0","0","0","0","0","0","0","0","2.8300020949268188","0"
"P4HA1","0","11.067656692698989","0","0","0","0","0","0","0","0","0"
"P4HA2","0","6.2803435571622455","0","0","0","0","0","0","0","0","0"
"PADI4","0","0","0","0","0","0","0","0","0","0","4.1077301476638937"
"PAEP","0","0","0","0","0","-3.8032275537836622","0","0","0","0","0"
"PAM","0","6.2642963862461665","0","0","0","0","0","0","0","0","0"
"PARP12","0","0","6.9441010532388976","0","0","0","0","0","0","0","0"
"PARP14","0","0","6.3972838127869762","0","0","0","0","0","0","0","0"
"PARP9","0","0","8.7151518590924013","0","0","0","0","0","0","0","0"
"PAWR","0","0","0","0","0","0","2.5534342854783194","0","0","0","0"
"PBLD","0","0","0","-1.9776837829648106","0","0","0","0","0","0","0"
"PBX1","0","0","0","-2.9996132648084775","0","0","0","0","0","0","0"
"PCMTD2","-2.1953754463259614","0","0","0","0","0","0","0","0","0","0"
"PDAP1","0","0","0","0","0","0","0","0","-1.3704966032123196","0","0"
"PDE6C","0","0","0","0","0","0","0","0","0","0","3.0141354028269594"
"PDK1","0","13.120449402558766","0","0","0","0","0","0","0","0","0"
"PDK3","0","4.3997507386612167","0","0","0","0","0","0","0","0","0"
"PDPN","0","0","0","0","0","0","0","2.3542506787145947","0","0","0"
"PEX1","-1.6616624090615761","0","0","0","0","0","0","0","0","0","0"
"PEX11G","0","0","0","0","0","-4.4546136432490631","0","0","0","0","0"
"PFKFB3","0","14.547192077328102","0","0","0","0","0","0","0","0","0"
"PFKFB4","0","8.9402708388199148","0","0","0","0","0","0","0","0","0"
"PFKL","0","3.5446163885829014","0","0","0","0","0","0","0","0","0"
"PFKP","0","9.2332009055744635","0","0","0","0","0","0","0","0","0"
"PGAM1","0","6.3782651350276982","0","0","0","0","0","0","0","0","0"
"PGAP1","0","0","0","0","0","0","0","0","0","0","5.5742871069183506"
"PGF","0","0","0","0","0","0","0","0","0","0","4.4548465123606942"
"PGK1","0","9.9939913939293685","0","0","0","0","0","0","0","0","0"
"PGM1","0","7.8858346164263198","0","0","0","0","0","0","0","0","0"
"PHACTR3","0","0","0","0","0","0","0","0","0","-9.2499686120826823","0"
"PHC2","0","0","0","2.3954010239131938","0","0","0","0","0","0","0"
"PHF11","0","0","3.8617313364104704","0","0","0","0","0","0","0","0"
"PHLDA1","6.6196261287424676","0","0","7.0452892289210833","0","0","0","0","0","0","0"
"PHLDA2","3.5051383414014112","0","0","3.8582386537955657","0","0","0","0","0","0","0"
"PHLDA3","0","0","0","0","0","0","0","0","0","0","6.7904373430392146"
"PIDD1","0","0","0","0","0","0","0","0","0","0","5.9606407237831895"
"PIEZO2","0","0","0","0","0","0","0","0","0","-1.8910970036781882","0"
"PIK3C2B","0","0","0","-2.752686572837634","0","0","0","0","0","0","0"
"PKHD1L1","0","0","0","0","0","0","0","0","0","-2.1052040386225586","0"
"PKM","0","4.7451797173242358","0","0","0","0","0","0","0","0","0"
"PKNOX2","0","0","0","0","0","0","2.0484917398987559","0","0","0","0"
"PLAU","0","0","0","0","0","0","0","11.492884155720912","0","0","0"
"PLCB4","0","0","0","0","0","0","3.9338902853869087","0","0","0","0"
"PLEK2","3.4392569636028694","0","0","0","0","0","0","0","0","0","0"
"PLN","0","0","0","0","0","0","2.7483232218589722","0","0","0","0"
"PLOD1","0","6.6102248488553306","0","0","0","0","0","0","0","0","0"
"PLOD2","0","13.600144008727044","0","0","0","0","0","0","0","0","0"
"PLSCR1","0","0","8.4816031726062153","0","0","0","0","0","0","0","0"
"PLSCR2","0","0","1.5066712034746164","0","0","0","0","0","0","0","0"
"PLTP","0","0","0","0","0","0","0","0","0","0","6.885032885088286"
"PMEL","0","0","0","0","0","-6.5903482481994979","0","0","0","0","0"
"PMEPA1","0","0","0","0","0","0","8.0961408808270114","0","0","0","0"
"PML","0","0","3.6085252767278408","0","0","0","0","0","0","0","0"
"PNISR","-1.5953880431843823","0","0","0","0","0","0","0","0","0","0"
"PNP","4.6436199416459658","0","0","4.91046403239136","0","0","0","0","0","0","0"
"PODNL1","0","0","0","0","0","0","2.1489096837018176","0","0","0","0"
"POLH","0","0","0","0","0","0","0","0","0","0","5.1760126433008748"
"POLR3G","0","0","0","2.8294839761780959","0","0","0","0","0","0","0"
"POP4","0","-2.3144126336675179","0","0","0","0","0","0","0","0","0"
"POT1","-1.8333008584025585","0","0","0","0","0","0","0","0","0","0"
"POT1-AS1","0","0","0","0","0","0","0","0","0","-7.6995829508966871","0"
"PP12708","0","0","0","0","0","0","0","0","0","-3.0035987290880874","0"
"PP13439","0","0","0","0","0","0","0","0","-1.7483585330522968","0","0"
"PPFIA4","0","10.837614563420766","0","0","0","0","0","0","0","0","0"
"PPM1D","0","0","0","0","0","0","0","0","0","0","6.2495205810622307"
"PPP2R5B","0","3.4825833961794741","0","0","0","0","0","0","0","0","0"
"PPP4R4","0","0","0","0","2.427471574635709","0","0","3.3280546089658753","0","0","0"
"PRCP","0","0","0","-1.2786844411212896","0","0","0","0","0","0","0"
"PRDM1","0","0","0","0","4.4165323466400803","0","0","0","0","0","0"
"PRKAB1","0","0","0","0","0","0","0","0","0","0","4.5200294592852579"
"PRKD2","0","0","2.1554948782429326","0","0","0","0","0","0","0","0"
"PRNP","0","0","0","2.5973108072698539","0","0","0","0","0","0","0"
"PRR7-AS1","0","0","0","0","0","6.9363220021751779","0","0","0","0","0"
"PRSS53","0","1.9745062323810543","0","0","0","0","0","0","0","0","0"
"PSMB8","0","0","5.8696840206955532","0","0","0","0","0","0","0","0"
"PSMB8-AS1","0","0","4.4960550355789604","0","0","0","0","0","0","0","0"
"PSMB9","0","0","8.1585115060453699","0","0","0","0","0","0","0","0"
"PSMG3-AS1","0","0","0","0","0","-8.0132765833141733","0","0","0","0","0"
"PTCH1","0","0","0","0","0","0","0","0","0","-2.784163823230688","0"
"PTHLH","3.6139766530130992","0","0","0","0","0","0","0","0","0","0"
"PTX3","0","0","0","0","21.247895638880852","0","0","21.50273416683471","0","0","0"
"PWP2","1.1724883837862146","0","0","1.3322121992984852","0","0","0","0","0","0","0"
"QRSL1","0","-2.2452978076758083","0","0","0","0","0","0","0","0","0"
"RAB20","0","4.2562603252368589","0","0","0","0","0","0","0","0","0"
"RAB26","0","0","0","-3.4389782720448987","0","0","0","0","0","0","0"
"RAB33B","-1.7836428159636903","0","0","0","0","0","0","0","0","0","0"
"RAB37","0","0","0","0","0","0","0","0","2.9479279177386331","0","0"
"RAB5B","0","0","0","-2.0804506421112383","0","0","0","0","0","0","0"
"RABGAP1","-1.2694002588993438","0","0","0","0","0","0","0","0","0","0"
"RAG2","0","0","0","0","0","0","0","0","1.5714490591915007","0","0"
"RASD2","0","0","0","0","0","0","3.3845571522211548","0","0","0","0"
"RASL11B","0","0","0","0","0","0","2.7230098703500838","0","0","0","0"
"RBM48","-1.0537742383023745","0","0","0","0","0","0","0","0","0","0"
"RBPJ","0","3.8514567458207236","0","0","0","0","0","0","0","0","0"
"RCOR3","-1.6707723934808358","0","0","0","0","0","0","0","0","0","0"
"REL","0","0","0","0","4.7099725567397908","0","0","0","0","0","0"
"RELB","0","0","0","0","7.7792219733701051","0","0","9.2645937846697386","0","0","0"
"RETSAT","0","0","0","0","0","0","0","0","0","0","7.1367279861364885"
"RFLNB","0","0","0","0","0","0","7.3091301283418542","0","0","0","0"
"RGAG4","0","0","0","0","0","0","0","0","0","0","4.5855145348402129"
"RGL1","0","0","0","0","0","0","0","0","0","9.312973586573623","0"
"RGS10","0","0","0","0","0","-3.8803973394583839","0","0","0","0","0"
"RGSL1","0","0","0","0","0","0","0","0","0.83174742143468627","0","0"
"RHBDL2","0","0","0","0","0","0","0","3.6778373712677483","0","0","0"
"RHCG","0","0","0","0","0","0","0","3.1016003564153038","0","0","0"
"RHEBL1","0","0","0","0","0","0","0","0","4.1287115287898652","0","0"
"RINL","0","0","0","0","0","0","0","0","0","0","4.5146896866264523"
"RIOK3","0","3.730301284236218","0","0","0","0","0","0","0","0","0"
"RIPK2","0","0","0","0","5.9797521309836261","0","0","5.5724078937211061","0","0","0"
"RLF","0","7.0702854751799071","0","0","0","0","0","0","0","0","0"
"RND1","0","0","0","0","0","0","0","4.6848806827228762","0","0","0"
"RNF114","0","0","2.4915675486216031","0","0","0","0","0","0","0","0"
"RNF138","0","0","0","2.3557422074445333","0","0","0","0","0","0","0"
"RNF146","-2.1708211640021235","0","0","0","0","0","0","0","0","0","0"
"RNF175","0","0","0","0","0","0","0","0","2.8009030613031101","0","0"
"RNF19B","0","0","0","0","6.707004337290285","0","0","0","0","0","0"
"RNF213","0","0","4.9375160567301375","0","0","0","0","0","0","0","0"
"RNF24","0","3.8530589421282513","0","0","0","0","0","0","0","0","0"
"RNU105B","0","0","0","0","0","0","0","0","0","-6.3574709100821671","0"
"RORA","0","4.508771760265728","0","0","0","0","0","0","0","0","0"
"RORB","0","0","0","0","0","0","0","0","0","-2.7744774020738618","0"
"RPS27L","0","0","0","0","0","0","0","0","0","0","6.2511645278806496"
"RPS29","0","0","0","0","0","-5.8444408661327154","0","0","0","0","0"
"RRM2B","0","0","0","0","0","0","0","0","0","0","10.632927679406718"
"RRP12","0","0","0","0","0","0","0","0","-1.1405686627577729","0","0"
"RSAD2","0","0","22.898727433412805","0","0","0","0","0","0","0","0"
"RTP4","0","0","9.4511396758124189","0","0","0","0","0","0","0","0"
"RUSC2","0","0","0","0","0","0","2.3531795656616517","0","0","0","0"
"RXFP1","0","0","0","0","0","0","-2.2777179298285644","0","0","0","0"
"S100A1","0","0","0","0","0","-3.9889239561922634","0","0","0","0","0"
"SAMD11","0","0","0","0","0","0","4.9830847043727786","0","0","0","0"
"SAMD9","0","0","10.426219160315991","0","0","0","0","0","0","0","0"
"SAMD9L","0","0","10.56289910330413","0","0","0","0","0","0","0","0"
"SAMHD1","0","0","7.1334448589690638","0","0","0","0","0","0","0","0"
"SAP30","0","2.9057509875710879","0","0","0","0","0","0","0","0","0"
"SCML4","0","0","0","0","0","0","0","0","0","-1.8782682055276909","0"
"SCN3B","0","0","0","0","0","0","0","0","0","0","4.8590017514613599"
"SCNN1D","0","0","0","0","0","0","0","0","-1.4200458064659192","0","0"
"SCPEP1","0","0","0","-1.9325651044928045","0","0","0","0","0","0","0"
"SDC4","0","0","0","0","8.153400364564936","0","0","8.1227762075462202","0","0","0"
"SDCCAG3","0","0","0","1.5641536768461877","0","0","0","0","0","0","0"
"SEC61G","0","4.741112933827921","0","0","0","0","0","0","0","0","0"
"SECTM1","0","0","5.9932298839983975","0","0","0","0","0","0","0","0"
"SEMA7A","0","0","0","0","0","0","3.8947720445386746","0","0","0","0"
"SENP5","0","0","0","0","0","0","0","0","0","1.8655494571140576","0"
"SENP7","-2.1103437828969924","0","0","0","0","0","0","0","0","0","0"
"SERPINA3","0","0","0","0","0","0","0","11.405799324373938","0","0","0"
"SERPINB5","0","0","0","0","0","0","0","0","0","0","4.7964056096255234"
"SESN1","0","0","0","0","0","0","0","0","0","0","12.529228897463508"
"SGPL1","0","0","0","0","0","0","2.5839232730151229","0","0","0","0"
"SGPP2","0","0","0","0","7.4169781938446073","0","0","0","0","0","0"
"SH2D5","2.4321329761194748","0","0","0","0","0","0","0","0","0","0"
"SH3BGRL","0","0","0","-2.7234465093460649","0","0","0","0","0","0","0"
"SH3PXD2A","0","0","0","0","0","0","3.8797918089343768","0","0","0","0"
"SIDT2","0","0","0","-2.7527108754400795","0","0","0","0","0","0","0"
"SIRT2","0","0","0","-1.3232831367857096","0","0","0","0","0","0","0"
"SKIL","0","0","0","0","0","0","4.2741812193606341","0","0","0","0"
"SLC11A2","0","0","0","0","2.6866480387584462","0","0","0","0","0","0"
"SLC15A3","0","0","4.2607391834759918","0","0","0","0","0","0","0","0"
"SLC18A1","0","0","0","0","0","4.6520925271987954","0","0","0","0","0"
"SLC20A1","0","0","0","6.8103529671107825","0","0","0","0","0","0","0"
"SLC25A28","0","0","3.9334616541440486","0","0","0","0","0","0","0","0"
"SLC25A36","0","5.3290439902669791","0","0","0","0","0","0","0","0","0"
"SLC26A4","0","0","0","0","0","-3.7388398905078617","0","0","0","0","0"
"SLC27A1","0","0","0","0","0","-8.3299208397046272","0","0","0","0","0"
"SLC2A1","0","8.6791539802384907","0","0","0","0","0","0","0","0","0"
"SLC2A6","0","0","0","0","9.7299880987357525","0","0","10.249108343655784","0","0","0"
"SLC35F2","0","0","0","2.8509820022727062","0","0","0","0","0","0","0"
"SLC41A2","0","0","0","0","4.9150065040140634","0","0","5.3579949402617677","0","0","0"
"SLC44A5","0","0","0","0","0","0","0","0","0","0","5.0434209204120668"
"SLC45A3","1.9024389018055969","0","0","0","0","0","0","0","0","0","0"
"SLC4A7","0","0","0","2.7094949939569104","0","0","0","0","0","0","0"
"SLC52A1","0","0","0","0","0","0","0","0","0","0","4.1555898458310088"
"SLC7A9","0","0","0","0","0","0","0","0","1.2157107689110207","0","0"
"SLCO2A1","0","0","0","0","0","0","4.8697884334372894","0","0","0","0"
"SLCO4A1","0","0","0","4.0845381436253509","0","0","0","0","0","0","0"
"SLCO4A1-AS1","0","0","0","0","0","-7.8319405764885923","0","0","0","0","0"
"SMAD1","0","0","0","0","0","0","0","0","0","-3.8011115644634708","0"
"SMAD6","0","0","0","0","0","0","2.7982653862514391","0","0","0","0"
"SMAD7","0","0","0","0","0","0","7.6311433745336785","0","0","0","0"
"SMCO3","0","0","0","0","0","0","0","0","0","-2.1019845722626846","0"
"SMG1P5","0","0","0","0","0","0","0","0","-4.0487831205287907","0","0"
"SMIM10L2A","0","0","0","0","0","0","0","0","0","0","6.3725651952295728"
"SMIM19","0","0","0","0","0","-7.2105590119954694","0","0","0","0","0"
"SMURF1","0","0","0","0","0","0","1.5381532326934251","0","0","0","0"
"SMURF2","0","0","0","3.0301617625148576","0","0","0","0","0","0","0"
"SNAI1","0","0","0","0","0","0","3.5681739305015414","0","0","0","0"
"SNORA70E","0","0","0","0","0","0","0","0","0","-8.3000036112680515","0"
"SNORD114-2","0","0","0","0","0","0","0","0","0","-13.385992855828304","0"
"SOCS3","0","0","0","0","4.5119145586229719","0","0","0","0","0","0"
"SOD2","0","0","0","0","11.156150165377186","0","0","13.623110274359441","0","0","0"
"SP100","0","0","4.4765093161000209","0","0","0","0","0","0","0","0"
"SP110","0","0","8.6787127210035155","0","0","0","0","0","0","0","0"
"SP140L","0","0","2.3378632539556277","0","0","0","0","0","0","0","0"
"SPAG4","0","10.213071470614544","0","0","0","0","0","0","0","0","0"
"SPAG6","0","0","0","0","0","0","0","0","0","-1.5709152686418195","0"
"SPATA18","0","0","0","0","0","0","0","0","0","0","7.8489979647828827"
"SPATA2L","1.7564976683917297","0","0","0","0","0","0","0","0","0","0"
"SPECC1","0","0","0","0","0","0","2.5741137529342106","0","0","0","0"
"SPG11","0","0","0","-1.3378836847359781","0","0","0","0","0","0","0"
"SPHK1","0","0","0","0","0","0","6.0901115386286984","0","0","0","0"
"SPINK2","0","0","0","0","0","0","0","0","1.3331660939551442","-1.891189378201046","0"
"SPOCD1","4.2956894012194091","0","0","0","0","0","0","0","0","0","0"
"SPRED1","0","0","0","6.2099482437646651","0","0","0","0","0","0","0"
"SPRED2","0","0","0","3.5018346410222287","0","0","0","0","0","0","0"
"SPRY2","0","0","0","9.4815847481189071","0","0","0","0","0","0","0"
"SPRY4","0","0","0","10.114470537169142","0","0","0","0","0","0","0"
"SPSB3","0","0","0","0","0","-6.5337285584132871","0","0","0","0","0"
"SQRDL","0","0","0","0","0","0","0","5.9567151680776398","0","0","0"
"SRGAP2","0","0","0","0","0","0","0","0","0","-4.3400036438240512","0"
"SRGAP3","0","0","0","0","0","0","0","0","0","0","2.5185476046162667"
"SRGN","0","0","0","0","0","0","0","3.9513283861811814","0","0","0"
"SRP14","0","0","0","-1.5944123429577048","0","0","0","0","0","0","0"
"STAG1","0","0","0","0","0","0","0","0","0","0","-3.8651133486903544"
"STAT1","0","0","9.0839365660829845","0","0","0","0","0","0","0","0"
"STAT2","0","0","4.147176067876936","0","0","0","0","0","0","0","0"
"STAT5A","0","0","0","0","3.9865610031974703","0","0","0","0","0","0"
"STK17A","0","0","0","2.9405668773324174","0","0","0","0","0","0","0"
"STX11","0","0","0","0","4.5252324492428588","0","0","0","0","0","0"
"STX1A","0","0","0","2.2151512135809601","0","0","0","0","0","0","0"
"STX6","0","0","0","0","0","0","0","0","0","0","3.4657999963066231"
"STX8","0","0","0","-1.1064064247318124","0","0","0","0","0","0","0"
"SYF2","-1.4076357524680667","0","0","0","0","0","0","0","0","0","0"
"SYNDIG1","0","0","0","0","0","0","1.8364038596773584","0","0","0","0"
"SYT15","0","0","0","0","0","0","3.8577431538796345","0","0","0","0"
"TAP1","0","0","9.7776383431208185","0","0","0","0","0","0","0","0"
"TAP2","0","0","3.5922603605840768","0","0","0","0","0","0","0","0"
"TAPBP","0","0","0","0","0","0","0","3.9797425167205684","0","0","0"
"TAS2R5","0","0","0","0","0","0","0","0","-2.176068075314979","0","0"
"TAS2R9","0","0","0","0","0","0","0","0","1.1170477847568201","0","0"
"TBC1D15","0","0","0","0","0","-5.412631039798617","0","0","0","0","0"
"TCOF1","0","0","0","2.2115780549288417","0","0","0","0","0","0","0"
"TDRD7","0","0","6.5666468195427896","0","0","0","0","0","0","0","0"
"TEC","0","0","0","0","0","0","0","0","2.0513216388446684","0","0"
"TESPA1","0","0","0","0","0","0","0","0","0.96665887413744134","0","0"
"TEX37","0","0","0","0","0","0","0","0","0","0","3.0384825775068531"
"TFDP2","0","0","0","0","0","-5.6735882272419493","0","0","0","0","0"
"THNSL2","0","0","0","0","0","-4.3183405792939391","0","0","0","0","0"
"TICAM1","0","0","0","0","3.492084673918129","0","0","3.4637566632122025","0","0","0"
"TIFA","0","0","0","0","5.1441124462482355","0","0","6.0522927716091273","0","0","0"
"TIGAR","0","0","0","0","0","0","0","0","0","0","10.151495414110276"
"TLDC2","0","0","0","0","0","0","0","0","1.7471644560687452","0","0"
"TLR10","0","0","0","0","0","0","0","0","-1.5185782639337091","0","0"
"TLR2","0","0","0","0","5.4142199760415579","0","0","7.039357768205023","0","0","0"
"TMCC3","0","0","0","0","0","0","0","0","0","7.2719939187563218","0"
"TMEM140","0","0","5.1071410440912324","0","0","0","0","0","0","0","0"
"TMEM217","0","0","0","0","3.3538132596283843","0","0","4.0381506796013431","0","0","0"
"TMEM259","0","0","0","0","0","0","0","0","-1.4901164662989912","0","0"
"TMEM27","0","0","0","0","0","0","0","0","0","0","6.8293410764146598"
"TMEM42","0","0","0","0","0","-7.9893267478152774","0","0","0","0","0"
"TMEM45A","0","17.876800156522481","0","0","0","0","0","0","0","0","0"
"TMEM59","-1.864066426580397","0","0","-2.2642729625846458","0","0","0","0","0","0","0"
"TMEM62","0","0","2.3069352990793845","0","0","0","0","0","0","0","0"
"TMEM63B","0","0","0","0","0","0","0","0","0","0","4.807352226655814"
"TMEM74","0","0","0","0","0","0","0","0","1.2320647918632199","0","0"
"TMUB2","0","0","0","-1.6738161798694724","0","0","0","0","0","0","0"
"TMX2","0","-3.6979440175759075","0","0","0","0","0","0","0","0","0"
"TNF","0","0","0","0","18.639262059640444","0","0","0","0","0","0"
"TNFAIP1","0","0","0","0","0","0","0","2.77854938464495","0","0","0"
"TNFAIP2","0","0","0","0","10.910807391853327","0","0","12.213726703415444","0","0","0"
"TNFAIP3","0","0","0","0","28.373752313465076","0","0","35.400717551478067","0","0","0"
"TNFAIP6","0","0","0","0","19.182263460877042","0","0","0","0","0","0"
"TNFAIP8","0","0","0","0","4.93682380456133","0","0","0","0","0","0"
"TNFRSF10A","0","0","0","5.1730443268646376","0","0","0","0","0","0","0"
"TNFRSF10B","0","0","0","0","0","0","0","0","0","0","6.0094593884702947"
"TNFRSF9","0","0","0","0","5.9960590481304576","0","0","0","0","0","0"
"TNFSF15","0","0","0","0","6.2458472754468763","0","0","0","0","0","0"
"TNFSF4","0","0","0","0","0","0","5.5038930352369322","0","0","0","0"
"TNIP1","0","0","0","0","6.1347266766219768","0","0","6.4295944344625378","0","0","0"
"TNIP2","0","0","0","0","3.3107273514982913","0","0","3.3942899778951263","0","0","0"
"TNIP3","0","0","0","0","8.2593409382570631","0","0","0","0","0","0"
"TNNI3","0","0","0","0","0","-3.6721944215671916","0","0","0","0","0"
"TNS3","0","0","0","-2.7264638130598553","0","0","0","0","0","0","0"
"TOP1","0","0","0","3.6334088008458671","0","0","0","0","0","0","0"
"TP53I3","0","0","0","0","0","0","0","0","0","0","18.261147329238344"
"TP53INP1","0","0","0","0","0","0","0","0","0","0","8.6583822631222809"
"TPM1","0","0","0","0","0","0","4.595360809462762","0","0","0","0"
"TPPP","0","0","0","0","0","-2.5431181614359892","0","0","0","0","0"
"TRAF1","0","0","0","0","10.335576602944473","0","0","9.3960011951103439","0","0","0"
"TRANK1","0","0","3.5888746849196402","0","0","0","0","0","0","0","0"
"TRH","0.77196466138076547","0","0","0","0","0","0","0","0","0","0"
"TRIAP1","0","0","0","0","0","0","0","0","0","0","6.4227889821899637"
"TRIB1","3.9177943832768052","0","0","4.1829430716292011","0","0","0","0","0","0","0"
"TRIM14","0","0","3.0379588513996647","0","0","0","0","0","0","0","0"
"TRIM21","0","0","6.6741881171753219","0","0","0","0","0","0","0","0"
"TRIM22","0","0","10.567457497191381","0","0","0","0","0","0","0","0"
"TRIM25","0","0","3.4141309207242134","0","0","0","0","0","0","0","0"
"TRIM38","0","0","3.4927261463022377","0","0","0","0","0","0","0","0"
"TRIM47","0","0","0","0","0","0","0","5.244304088277187","0","0","0"
"TRIM5","0","0","3.4234903429741017","0","0","0","0","0","0","0","0"
"TRIM52","-2.0121603319072139","0","0","-2.201190386908435","0","0","0","0","0","0","0"
"TRIM63","0","0","0","0","0","-5.528597674095491","0","0","0","0","0"
"TRIM72","0","0","0","0","0","0","0","0","1.5866385550003113","0","0"
"TRIP10","0","0","0","0","4.1675617488263947","0","0","0","0","0","0"
"TSNARE1","0","0","0","0","0","-2.4315033012720155","0","0","0","0","0"
"TSPAN2","0","0","0","0","0","0","5.5023261158259062","0","0","0","0"
"TTC12","0","0","0","0","0","-3.1848730433459171","0","0","0","0","0"
"TTC28","0","0","0","0","0","0","0","0","0","-2.0738964217548781","0"
"TTC33","-1.3844089815723284","0","0","0","0","0","0","0","0","0","0"
"TUBB4B","4.0845102076362494","0","0","0","0","0","0","0","0","0","0"
"TUBB7P","0.99687917023145323","0","0","0","0","0","0","0","0","0","0"
"TUFT1","0","0","0","0","0","0","6.0109912971859076","0","0","0","0"
"TYMP","0","0","0","0","0","0","0","4.0186251433609472","0","0","0"
"TYR","0","0","0","0","0","-5.0768540892758329","0","0","0","0","0"
"UAP1L1","0","0","0","0","0","0","0","0","2.7973723557199803","0","0"
"UBA2","0","0","0","2.0798784879032222","0","0","0","0","0","0","0"
"UBALD2","0","0","0","0","0","-9.9853774649776987","0","0","0","0","0"
"UBASH3B","0","0","0","4.9676240116528234","0","0","0","0","0","0","0"
"UBE2L6","0","0","8.2155851259939219","0","0","0","0","0","0","0","0"
"UBE2Q2P1","0","0","0","0","0","0","0","0","0","-9.7158353435635121","0"
"UBE2Z","0","0","0","0","2.152932765652571","0","0","2.248799621815309","0","0","0"
"UNC5B","0","0","0","0","0","0","3.8338195218086257","0","0","0","0"
"UNC5B-AS1","0","0","0","0","0","0","0","0","0","0","9.4317689616947291"
"UNC5D","0","0","0","0","0","0","0","0","0","-2.5394275494386593","0"
"USP18","0","0","12.178011752798669","0","0","0","0","0","0","0","0"
"USP43","0","0","0","0","0","0","0","3.4492245557244177","0","0","0"
"UXS1","0","0","0","0","0","0","0","4.2349708221978766","0","0","0"
"VAMP5","0","0","0","0","0","-4.3610740034269542","0","0","0","0","0"
"VASH2","0","0","0","0","0","0","0","0","0","-3.04376019627761","0"
"VAV3","-3.3864850362161092","0","0","0","0","0","0","0","0","0","0"
"VEGFA","0","10.612898925768754","0","0","0","0","0","0","0","0","0"
"VHL","0","0","0","0","0","0","0","0","-1.1923081070046433","0","0"
"VKORC1","0","5.4194336738570499","0","0","0","0","0","0","0","0","0"
"VLDLR","0","10.266334142486112","0","0","0","0","0","0","0","0","0"
"VPREB1","0","0","0","0","0","0","0","0","0","-3.1796901692438966","0"
"VPREB3","0","0","0","0","0","0","0","0","0","-3.3923379350007634","0"
"VPS9D1-AS1","1.6017470092888213","0","0","0","0","0","0","0","0","0","0"
"VTRNA1-2","0","0","0","0","0","0","0","0","0","12.314904337734957","0"
"VWA8","0","0","0","0","0","0","0","0","0","-3.6068043404084924","0"
"WBSCR27","0","0","0","0","0","-4.5498730551595008","0","0","0","0","0"
"WDR19","-1.4937894240640512","0","0","0","0","0","0","0","0","0","0"
"WDR3","0","0","0","2.2991152990385255","0","0","0","0","0","0","0"
"WDR31","0","0","0","0","0","-3.9438387823292205","0","0","0","0","0"
"WDR45B","0","4.504362332270949","0","0","0","0","0","0","0","0","0"
"WDR54","0","5.6955016417851514","0","0","0","0","0","0","0","0","0"
"WDR63","0","0","0","0","0","0","0","0","0","0","13.098405880124508"
"WDR78","0","0","0","0","0","-3.62712257526587","0","0","0","0","0"
"WDR97","0","0","0","0","0","0","0","0","-1.3506488351485857","0","0"
"WFDC10A","0","0","0","0","0","0","0","0","1.5981959590783616","0","0"
"WIPI2","0","0","0","0","0","-3.153066059934722","0","0","0","0","0"
"WNT16","0","0","0","0","0","0","0","0","0","-2.03801122829194","0"
"WNT8A","0","0","0","0","0","0","0","0","-1.8469616099390898","0","0"
"WSB1","0","7.0242243476725257","0","0","0","0","0","0","0","0","0"
"WT1-AS","0","0","0","0","0","0","0","0","2.225105360384251","0","0"
"WTAP","0","0","0","0","3.7666344028884846","0","0","3.2215281990206424","0","0","0"
"XAF1","0","0","8.7802861150211555","0","0","0","0","0","0","0","0"
"XK","0","0","0","0","0","0","0","0","0","-4.115595055397848","0"
"XKR4","0","0","0","0","0","0","0","0","0","-3.6325157636153889","0"
"XPC","0","0","0","0","0","0","0","0","0","0","6.5870260085933134"
"XRCC3","1.487957075070578","0","0","1.5437565622296989","0","0","0","0","0","0","0"
"XRCC4","0","0","0","0","0","0","3.3772318622335034","0","0","0","0"
"XYLT1","0","0","0","0","0","0","3.1977156030026879","0","0","0","0"
"YBX2","0","0","0","0","0","-4.4198573450747043","0","0","0","0","0"
"YEATS2","0","5.3531275165068877","0","0","0","0","0","0","0","0","0"
"YIPF5","0","0","0","0","0","0","2.8119363564910023","0","0","0","0"
"YRDC","0","0","0","3.625646429254592","0","0","0","0","0","0","0"
"ZBED8","-3.1168487742826496","0","0","0","0","0","0","0","0","0","0"
"ZBP1","0","0","1.9414515596319635","0","0","0","0","0","0","0","0"
"ZBTB25","0","3.4190588078493094","0","0","0","0","0","0","0","0","0"
"ZBTB3","0","0","0","-1.5691639732103673","0","0","0","0","0","0","0"
"ZC3HAV1","0","0","5.1337269925211553","0","0","0","0","0","0","0","0"
"ZIM3","0","0","0","0","0","0","0","0","1.4980606592681449","0","0"
"ZMAT3","0","0","0","0","0","0","0","0","0","0","7.9566982646146887"
"ZMPSTE24","0","-4.3923402775269791","0","0","0","0","0","0","0","0","0"
"ZNF160","0","2.7139242251059188","0","0","0","0","0","0","0","0","0"
"ZNF200","0","0","0","0","0","0","0","0","0","3.5046920530972709","0"
"ZNF224","-1.3973098554739216","0","0","0","0","0","0","0","0","0","0"
"ZNF257","0","0","0","0","0","0","0","0","0","-4.5561455481393631","0"
"ZNF292","0","6.0239381118710504","0","0","0","0","0","0","0","0","0"
"ZNF32-AS3","0","0","0","0","0","0","0","0","0.89589348719502282","0","0"
"ZNF337","0","0","0","0","0","0","0","0","0","0","3.3017630301456933"
"ZNF347","0","0","0","0","0","0","0","0","0","3.0310536501075847","0"
"ZNF350","-1.2635000674740438","0","0","0","0","0","0","0","0","0","0"
"ZNF395","0","8.0609340435475652","0","0","0","0","0","0","0","0","0"
"ZNF415","0","0","0","0","0","0","0","0","0","-2.7834650584597491","0"
"ZNF451","-1.0560068807443646","0","0","0","0","0","0","0","0","0","0"
"ZNF554","0","0","0","0","0","-2.6749782386230772","0","0","0","0","0"
"ZNF561","0","0","0","0","0","0","0","0","0","0","10.123218197683357"
"ZNF571","-1.9039669419859979","0","0","0","0","0","0","0","0","0","0"
"ZNF597","0","0","0","0","0","0","0","0","0","3.0208800554598652","0"
"ZNF654","0","4.2880619632066397","0","0","0","0","0","0","0","0","0"
"ZNF669","0","0","0","0","0","0","0","0","0","-2.1874532085885523","0"
"ZNF75D","-1.3158194734458744","0","0","0","0","0","0","0","0","0","0"
"ZNF79","0","0","0","0","0","0","0","0","0","0","4.0202633443987059"
"ZNF83","0","0","0","0","0","0","0","0","0","0","-5.8575187613946049"
"ZNFX1","0","0","6.4963982141682823","0","0","0","0","0","0","0","0"
"ZNRF4","0","0","0","0","0","0","0","0","1.0338854192621099","0","0"
"ZSCAN2","0","0","0","0","0","-3.1587434535477241","0","0","0","0","0"
"ZSCAN31","-3.1000917088831597","0","0","-3.3278642206561044","0","0","0","0","0","0","0"
"ZSCAN4","0","0","0","0","0","0","0","0","0","0","3.1834625061636643"
